-- insert users data
INSERT INTO USERS (SID, NAME, GENDER, DOB, NATIONALITY)
VALUES ('A473634H', 'hengd', 'male', '13/11/1992', 'Singaporean');

INSERT INTO USERS (SID, NAME, GENDER, DOB, NATIONALITY)
VALUES ('A617342E', 'sean', 'male', '20/08/1994', 'Singaporean');

INSERT INTO USERS (SID, NAME, GENDER, DOB, NATIONALITY)
VALUES ('A937845H', 'sherry', 'female', '28/05/1995', 'Malaysian');

INSERT INTO USERS (SID, NAME, GENDER, DOB, NATIONALITY)
VALUES ('A984739J', 'zac', 'male', '07/03/1998', 'Chinese');

INSERT INTO USERS (SID, NAME, GENDER, DOB, NATIONALITY)
VALUES ('S189586A', 'hugh', 'male', '17/08/1948', 'New Zealand');

INSERT INTO USERS (SID, NAME, GENDER, DOB, NATIONALITY)
VALUES ('S847328L', 'damith', 'male', '09/11/1975', 'Sri Lankan');

INSERT INTO USERS (SID, NAME, GENDER, DOB, NATIONALITY)
VALUES ('S049389F', 'chris', 'female', '06/04/1990', 'Romanian');

INSERT INTO USERS (SID, NAME, GENDER, DOB, NATIONALITY)
VALUES ('S048276G', 'david', 'male', '18/10/1986', 'American');

INSERT INTO USERS (SID, NAME, GENDER, DOB, NATIONALITY)
VALUES ('S197094X', 'steve', 'male', '27/07/1963', 'Indonesian');

INSERT INTO USERS (SID, NAME, GENDER, DOB, NATIONALITY)
VALUES ('S983748W', 'reza', 'male', '19/09/1968', 'Iranian');

-- insert addresses data
INSERT INTO ADDRESSES (SID, TYPE, ADDRESS)
VALUES ('A473634H', 'mailing', '20 Heng Mui Keng Terrace');

INSERT INTO ADDRESSES (SID, TYPE, ADDRESS)
VALUES ('A473634H', 'billing', '20 Heng Mui Keng Terrace');

INSERT INTO ADDRESSES (SID, TYPE, ADDRESS)
VALUES ('A617342E', 'mailing', '357 Pasir Panjang Rd');

INSERT INTO ADDRESSES (SID, TYPE, ADDRESS)
VALUES ('A617342E', 'billing', '357 Pasir Panjang Rd');

INSERT INTO ADDRESSES (SID, TYPE, ADDRESS)
VALUES ('A937845H', 'mailing', '26 Prince Georges Park');

INSERT INTO ADDRESSES (SID, TYPE, ADDRESS)
VALUES ('A937845H', 'billing', '26 Prince Georges Park');

INSERT INTO ADDRESSES (SID, TYPE, ADDRESS)
VALUES ('A984739J', 'mailing', '125 College Ave East');

INSERT INTO ADDRESSES (SID, TYPE, ADDRESS)
VALUES ('A984739J', 'billing', '125 College Ave East');

INSERT INTO ADDRESSES (SID, TYPE, ADDRESS)
VALUES ('S189586A', 'mailing', '521 Bukit Batok Street');

INSERT INTO ADDRESSES (SID, TYPE, ADDRESS)
VALUES ('S189586A', 'billing', '521 Bukit Batok Street');

INSERT INTO ADDRESSES (SID, TYPE, ADDRESS)
VALUES ('S847328L', 'mailing', 'No.2 Jurong East Street');

INSERT INTO ADDRESSES (SID, TYPE, ADDRESS)
VALUES ('S847328L', 'billing', 'No.2 Jurong East Street');

INSERT INTO ADDRESSES (SID, TYPE, ADDRESS)
VALUES ('S049389F', 'mailing', '1 Ah Moi Road');

INSERT INTO ADDRESSES (SID, TYPE, ADDRESS)
VALUES ('S049389F', 'billing', '1 Ah Moi Road');

INSERT INTO ADDRESSES (SID, TYPE, ADDRESS)
VALUES ('S048276G', 'mailing', '302 Tiong Bahru Rd');

INSERT INTO ADDRESSES (SID, TYPE, ADDRESS)
VALUES ('S048276G', 'billing', '302 Tiong Bahru Rd');

INSERT INTO ADDRESSES (SID, TYPE, ADDRESS)
VALUES ('S197094X', 'mailing', '257 Selegie Road');

INSERT INTO ADDRESSES (SID, TYPE, ADDRESS)
VALUES ('S197094X', 'billing', '257 Selegie Road');

INSERT INTO ADDRESSES (SID, TYPE, ADDRESS)
VALUES ('S983748W', 'mailing', '33 Jalan Minggu');

INSERT INTO ADDRESSES (SID, TYPE, ADDRESS)
VALUES ('S983748W', 'billing', '33 Jalan Minggu');

-- insert fees data
INSERT INTO FEES (SID, TYPE, YEAR, SEMESTER, AMOUNT)
VALUES ('A473634H', 'admin', '20/21', 1, 100);

INSERT INTO FEES (SID, TYPE, YEAR, SEMESTER, AMOUNT)
VALUES ('A473634H', 'tuition', '20/21', 1, 4000);

INSERT INTO FEES (SID, TYPE, YEAR, SEMESTER, AMOUNT)
VALUES ('A473634H', 'misc', '20/21', 1, 23.5);

INSERT INTO FEES (SID, TYPE, YEAR, SEMESTER, AMOUNT)
VALUES ('A473634H', 'admin', '20/21', 2, 100);

INSERT INTO FEES (SID, TYPE, YEAR, SEMESTER, AMOUNT)
VALUES ('A473634H', 'tuition', '20/21', 2, 4000);

INSERT INTO FEES (SID, TYPE, YEAR, SEMESTER, AMOUNT)
VALUES ('A473634H', 'misc', '20/21', 2, 46.2);

INSERT INTO FEES (SID, TYPE, YEAR, SEMESTER, AMOUNT)
VALUES ('A617342E', 'admin', '20/21', 1, 100);

INSERT INTO FEES (SID, TYPE, YEAR, SEMESTER, AMOUNT)
VALUES ('A617342E', 'tuition', '20/21', 1, 4000);

INSERT INTO FEES (SID, TYPE, YEAR, SEMESTER, AMOUNT)
VALUES ('A617342E', 'misc', '20/21', 1, 32.5);

INSERT INTO FEES (SID, TYPE, YEAR, SEMESTER, AMOUNT)
VALUES ('A617342E', 'admin', '20/21', 2, 100);

INSERT INTO FEES (SID, TYPE, YEAR, SEMESTER, AMOUNT)
VALUES ('A617342E', 'tuition', '20/21', 2, 4000);

INSERT INTO FEES (SID, TYPE, YEAR, SEMESTER, AMOUNT)
VALUES ('A617342E', 'misc', '20/21', 2, 48.6);

INSERT INTO FEES (SID, TYPE, YEAR, SEMESTER, AMOUNT)
VALUES ('A937845H', 'admin', '20/21', 1, 150);

INSERT INTO FEES (SID, TYPE, YEAR, SEMESTER, AMOUNT)
VALUES ('A937845H', 'tuition', '20/21', 1, 6000);

INSERT INTO FEES (SID, TYPE, YEAR, SEMESTER, AMOUNT)
VALUES ('A937845H', 'misc', '20/21', 1, 26.8);

INSERT INTO FEES (SID, TYPE, YEAR, SEMESTER, AMOUNT)
VALUES ('A937845H', 'admin', '20/21', 2, 150);

INSERT INTO FEES (SID, TYPE, YEAR, SEMESTER, AMOUNT)
VALUES ('A937845H', 'tuition', '20/21', 2, 6000);

INSERT INTO FEES (SID, TYPE, YEAR, SEMESTER, AMOUNT)
VALUES ('A937845H', 'misc', '20/21', 2, 43.7);

INSERT INTO FEES (SID, TYPE, YEAR, SEMESTER, AMOUNT)
VALUES ('A984739J', 'admin', '20/21', 1, 200);

INSERT INTO FEES (SID, TYPE, YEAR, SEMESTER, AMOUNT)
VALUES ('A984739J', 'tuition', '20/21', 1, 8000);

INSERT INTO FEES (SID, TYPE, YEAR, SEMESTER, AMOUNT)
VALUES ('A984739J', 'misc', '20/21', 1, 35.6);

INSERT INTO FEES (SID, TYPE, YEAR, SEMESTER, AMOUNT)
VALUES ('A984739J', 'admin', '20/21', 2, 200);

INSERT INTO FEES (SID, TYPE, YEAR, SEMESTER, AMOUNT)
VALUES ('A984739J', 'tuition', '20/21', 2, 8000);

INSERT INTO FEES (SID, TYPE, YEAR, SEMESTER, AMOUNT)
VALUES ('A984739J', 'misc', '20/21', 2, 51.5);

COMMIT;

GRANT CREATE SESSION, CONNECT, RESOURCE TO hugh, damith, chris, david, steve, reza;

GRANT SELECT, INSERT, UPDATE, DELETE ON USERS     TO hugh, damith, chris, david, steve, reza;
GRANT SELECT, INSERT, UPDATE, DELETE ON ADDRESSES TO hugh, damith, chris, david, steve, reza;
GRANT SELECT, INSERT, UPDATE, DELETE ON FEES      TO hugh, damith, chris, david, steve, reza;
GRANT SELECT, INSERT, UPDATE, DELETE ON MODULES   TO hugh, damith, chris, david, steve, reza;
GRANT SELECT, INSERT, UPDATE, DELETE ON GRADES    TO hugh, damith, chris, david, steve, reza;

BEGIN
    SA_USER_ADMIN.SET_LEVELS('edu_ols', 'hugh', 'c', 'u');
    SA_USER_ADMIN.SET_LEVELS('edu_ols', 'damith', 'c', 'u');
    SA_USER_ADMIN.SET_LEVELS('edu_ols', 'chris', 'c', 'u');
    SA_USER_ADMIN.SET_LEVELS('edu_ols', 'david', 'c', 'u');
    SA_USER_ADMIN.SET_LEVELS('edu_ols', 'steve', 's', 'c');
    SA_USER_ADMIN.SET_LEVELS('edu_ols', 'reza', 'c', 'c');

    SA_USER_ADMIN.ADD_COMPARTMENTS('edu_ols', 'hugh', 'acd', SA_UTL.READ_WRITE);
    SA_USER_ADMIN.ADD_COMPARTMENTS('edu_ols', 'damith', 'acd', SA_UTL.READ_WRITE);
    SA_USER_ADMIN.ADD_COMPARTMENTS('edu_ols', 'chris', 'acd', SA_UTL.READ_WRITE);
    SA_USER_ADMIN.ADD_COMPARTMENTS('edu_ols', 'david', 'acd', SA_UTL.READ_WRITE);
    SA_USER_ADMIN.ADD_COMPARTMENTS('edu_ols', 'steve', 'adm', SA_UTL.READ_WRITE);
    SA_USER_ADMIN.ADD_COMPARTMENTS('edu_ols', 'reza', 'fin', SA_UTL.READ_WRITE);

    SA_USER_ADMIN.ADD_GROUPS('edu_ols', 'hugh', 'nus, cs, cs206', SA_UTL.READ_WRITE);
    SA_USER_ADMIN.ADD_GROUPS('edu_ols', 'damith', 'nus, cs, cs404', SA_UTL.READ_WRITE);
    SA_USER_ADMIN.ADD_GROUPS('edu_ols', 'chris', 'nus, ma, ma314, ma500', SA_UTL.READ_WRITE);
    SA_USER_ADMIN.ADD_GROUPS('edu_ols', 'david', 'nus, ec, ec999', SA_UTL.READ_WRITE);
    SA_USER_ADMIN.ADD_GROUPS('edu_ols', 'steve', 'nus', SA_UTL.READ_WRITE);
    SA_USER_ADMIN.ADD_GROUPS('edu_ols', 'reza', 'nus', SA_UTL.READ_WRITE);
END;
