-- insert users data
INSERT INTO EDU_ADMIN.USERS (SID, NAME, GENDER, DOB, NATIONALITY)
VALUES ('A473634H', 'hengd', 'male', '13/11/1992', 'Singaporean');

INSERT INTO EDU_ADMIN.USERS (SID, NAME, GENDER, DOB, NATIONALITY)
VALUES ('A617342E', 'sean', 'male', '20/08/1994', 'Singaporean');

INSERT INTO EDU_ADMIN.USERS (SID, NAME, GENDER, DOB, NATIONALITY)
VALUES ('A937845H', 'sherry', 'female', '28/05/1995', 'Malaysian');

INSERT INTO EDU_ADMIN.USERS (SID, NAME, GENDER, DOB, NATIONALITY)
VALUES ('A984739J', 'zac', 'male', '07/03/1998', 'Chinese');

INSERT INTO EDU_ADMIN.USERS (SID, NAME, GENDER, DOB, NATIONALITY)
VALUES ('S189586A', 'hugh', 'male', '17/08/1948', 'New Zealand');

INSERT INTO EDU_ADMIN.USERS (SID, NAME, GENDER, DOB, NATIONALITY)
VALUES ('S847328L', 'damith', 'male', '09/11/1975', 'Sri Lankan');

INSERT INTO EDU_ADMIN.USERS (SID, NAME, GENDER, DOB, NATIONALITY)
VALUES ('S049389F', 'chris', 'female', '06/04/1990', 'Romanian');

INSERT INTO EDU_ADMIN.USERS (SID, NAME, GENDER, DOB, NATIONALITY)
VALUES ('S048276G', 'david', 'male', '18/10/1986', 'American');

INSERT INTO EDU_ADMIN.USERS (SID, NAME, GENDER, DOB, NATIONALITY)
VALUES ('S197094X', 'steve', 'male', '27/07/1963', 'Indonesian');

INSERT INTO EDU_ADMIN.USERS (SID, NAME, GENDER, DOB, NATIONALITY)
VALUES ('S983748W', 'reza', 'male', '19/09/1968', 'Iranian');

-- insert addresses data
INSERT INTO EDU_ADMIN.ADDRESSES (SID, TYPE, ADDRESS)
VALUES ('A473634H', 'mailing', '20 Heng Mui Keng Terrace');

INSERT INTO EDU_ADMIN.ADDRESSES (SID, TYPE, ADDRESS)
VALUES ('A473634H', 'billing', '20 Heng Mui Keng Terrace');

INSERT INTO EDU_ADMIN.ADDRESSES (SID, TYPE, ADDRESS)
VALUES ('A617342E', 'mailing', '357 Pasir Panjang Rd');

INSERT INTO EDU_ADMIN.ADDRESSES (SID, TYPE, ADDRESS)
VALUES ('A617342E', 'billing', '357 Pasir Panjang Rd');

INSERT INTO EDU_ADMIN.ADDRESSES (SID, TYPE, ADDRESS)
VALUES ('A937845H', 'mailing', '26 Prince Georges Park');

INSERT INTO EDU_ADMIN.ADDRESSES (SID, TYPE, ADDRESS)
VALUES ('A937845H', 'billing', '26 Prince Georges Park');

INSERT INTO EDU_ADMIN.ADDRESSES (SID, TYPE, ADDRESS)
VALUES ('A984739J', 'mailing', '125 College Ave East');

INSERT INTO EDU_ADMIN.ADDRESSES (SID, TYPE, ADDRESS)
VALUES ('A984739J', 'billing', '125 College Ave East');

INSERT INTO EDU_ADMIN.ADDRESSES (SID, TYPE, ADDRESS)
VALUES ('S189586A', 'mailing', '521 Bukit Batok Street');

INSERT INTO EDU_ADMIN.ADDRESSES (SID, TYPE, ADDRESS)
VALUES ('S189586A', 'billing', '521 Bukit Batok Street');

INSERT INTO EDU_ADMIN.ADDRESSES (SID, TYPE, ADDRESS)
VALUES ('S847328L', 'mailing', 'No.2 Jurong East Street');

INSERT INTO EDU_ADMIN.ADDRESSES (SID, TYPE, ADDRESS)
VALUES ('S847328L', 'billing', 'No.2 Jurong East Street');

INSERT INTO EDU_ADMIN.ADDRESSES (SID, TYPE, ADDRESS)
VALUES ('S049389F', 'mailing', '1 Ah Moi Road');

INSERT INTO EDU_ADMIN.ADDRESSES (SID, TYPE, ADDRESS)
VALUES ('S049389F', 'billing', '1 Ah Moi Road');

INSERT INTO EDU_ADMIN.ADDRESSES (SID, TYPE, ADDRESS)
VALUES ('S048276G', 'mailing', '302 Tiong Bahru Rd');

INSERT INTO EDU_ADMIN.ADDRESSES (SID, TYPE, ADDRESS)
VALUES ('S048276G', 'billing', '302 Tiong Bahru Rd');

INSERT INTO EDU_ADMIN.ADDRESSES (SID, TYPE, ADDRESS)
VALUES ('S197094X', 'mailing', '257 Selegie Road');

INSERT INTO EDU_ADMIN.ADDRESSES (SID, TYPE, ADDRESS)
VALUES ('S197094X', 'billing', '257 Selegie Road');

INSERT INTO EDU_ADMIN.ADDRESSES (SID, TYPE, ADDRESS)
VALUES ('S983748W', 'mailing', '33 Jalan Minggu');

INSERT INTO EDU_ADMIN.ADDRESSES (SID, TYPE, ADDRESS)
VALUES ('S983748W', 'billing', '33 Jalan Minggu');

-- insert fees data
INSERT INTO EDU_ADMIN.FEES (SID, TYPE, YEAR, SEMESTER, AMOUNT)
VALUES ('A473634H', 'admin', '20/21', 1, 100);

INSERT INTO EDU_ADMIN.FEES (SID, TYPE, YEAR, SEMESTER, AMOUNT)
VALUES ('A473634H', 'tuition', '20/21', 1, 4000);

INSERT INTO EDU_ADMIN.FEES (SID, TYPE, YEAR, SEMESTER, AMOUNT)
VALUES ('A473634H', 'misc', '20/21', 1, 23.5);

INSERT INTO EDU_ADMIN.FEES (SID, TYPE, YEAR, SEMESTER, AMOUNT)
VALUES ('A473634H', 'admin', '20/21', 2, 100);

INSERT INTO EDU_ADMIN.FEES (SID, TYPE, YEAR, SEMESTER, AMOUNT)
VALUES ('A473634H', 'tuition', '20/21', 2, 4000);

INSERT INTO EDU_ADMIN.FEES (SID, TYPE, YEAR, SEMESTER, AMOUNT)
VALUES ('A473634H', 'misc', '20/21', 2, 46.2);

INSERT INTO EDU_ADMIN.FEES (SID, TYPE, YEAR, SEMESTER, AMOUNT)
VALUES ('A617342E', 'admin', '20/21', 1, 100);

INSERT INTO EDU_ADMIN.FEES (SID, TYPE, YEAR, SEMESTER, AMOUNT)
VALUES ('A617342E', 'tuition', '20/21', 1, 4000);

INSERT INTO EDU_ADMIN.FEES (SID, TYPE, YEAR, SEMESTER, AMOUNT)
VALUES ('A617342E', 'misc', '20/21', 1, 32.5);

INSERT INTO EDU_ADMIN.FEES (SID, TYPE, YEAR, SEMESTER, AMOUNT)
VALUES ('A617342E', 'admin', '20/21', 2, 100);

INSERT INTO EDU_ADMIN.FEES (SID, TYPE, YEAR, SEMESTER, AMOUNT)
VALUES ('A617342E', 'tuition', '20/21', 2, 4000);

INSERT INTO EDU_ADMIN.FEES (SID, TYPE, YEAR, SEMESTER, AMOUNT)
VALUES ('A617342E', 'misc', '20/21', 2, 48.6);

INSERT INTO EDU_ADMIN.FEES (SID, TYPE, YEAR, SEMESTER, AMOUNT)
VALUES ('A937845H', 'admin', '20/21', 1, 150);

INSERT INTO EDU_ADMIN.FEES (SID, TYPE, YEAR, SEMESTER, AMOUNT)
VALUES ('A937845H', 'tuition', '20/21', 1, 6000);

INSERT INTO EDU_ADMIN.FEES (SID, TYPE, YEAR, SEMESTER, AMOUNT)
VALUES ('A937845H', 'misc', '20/21', 1, 26.8);

INSERT INTO EDU_ADMIN.FEES (SID, TYPE, YEAR, SEMESTER, AMOUNT)
VALUES ('A937845H', 'admin', '20/21', 2, 150);

INSERT INTO EDU_ADMIN.FEES (SID, TYPE, YEAR, SEMESTER, AMOUNT)
VALUES ('A937845H', 'tuition', '20/21', 2, 6000);

INSERT INTO EDU_ADMIN.FEES (SID, TYPE, YEAR, SEMESTER, AMOUNT)
VALUES ('A937845H', 'misc', '20/21', 2, 43.7);

INSERT INTO EDU_ADMIN.FEES (SID, TYPE, YEAR, SEMESTER, AMOUNT)
VALUES ('A984739J', 'admin', '20/21', 1, 200);

INSERT INTO EDU_ADMIN.FEES (SID, TYPE, YEAR, SEMESTER, AMOUNT)
VALUES ('A984739J', 'tuition', '20/21', 1, 8000);

INSERT INTO EDU_ADMIN.FEES (SID, TYPE, YEAR, SEMESTER, AMOUNT)
VALUES ('A984739J', 'misc', '20/21', 1, 35.6);

INSERT INTO EDU_ADMIN.FEES (SID, TYPE, YEAR, SEMESTER, AMOUNT)
VALUES ('A984739J', 'admin', '20/21', 2, 200);

INSERT INTO EDU_ADMIN.FEES (SID, TYPE, YEAR, SEMESTER, AMOUNT)
VALUES ('A984739J', 'tuition', '20/21', 2, 8000);

INSERT INTO EDU_ADMIN.FEES (SID, TYPE, YEAR, SEMESTER, AMOUNT)
VALUES ('A984739J', 'misc', '20/21', 2, 51.5);

-- insert modules data
INSERT INTO EDU_ADMIN.MODULES (CODE, TITLE, YEAR, SEMESTER, LECTURER_SID)
VALUES ('cs206', 'Design and Analysis of Algorithms', '20/21', 1, 'S189586A');

INSERT INTO EDU_ADMIN.MODULES (CODE, TITLE, YEAR, SEMESTER, LECTURER_SID)
VALUES ('cs206', 'Design and Analysis of Algorithms', '20/21', 2, 'S189586A');

INSERT INTO EDU_ADMIN.MODULES (CODE, TITLE, YEAR, SEMESTER, LECTURER_SID)
VALUES ('cs404', 'Cryptography Theory and Practice', '20/21', 1, 'S847328L');

INSERT INTO EDU_ADMIN.MODULES (CODE, TITLE, YEAR, SEMESTER, LECTURER_SID)
VALUES ('ma314', 'Linear and Network Optimisation', '20/21', 1, 'S049389F');

INSERT INTO EDU_ADMIN.MODULES (CODE, TITLE, YEAR, SEMESTER, LECTURER_SID)
VALUES ('ma500', 'Number Theory', '20/21', 2, 'S049389F');

INSERT INTO EDU_ADMIN.MODULES (CODE, TITLE, YEAR, SEMESTER, LECTURER_SID)
VALUES ('ec999', 'Financial Economics', '20/21', 2, 'S048276G');

-- insert grades data
INSERT INTO EDU_ADMIN.GRADES (STUDENT_SID, MODULE_ID, LETTER_GRADE)
VALUES ('A473634H', 1, 'A');

INSERT INTO EDU_ADMIN.GRADES (STUDENT_SID, MODULE_ID, LETTER_GRADE)
VALUES ('A473634H', 3, 'B');

INSERT INTO EDU_ADMIN.GRADES (STUDENT_SID, MODULE_ID, LETTER_GRADE)
VALUES ('A473634H', 4, 'B');

INSERT INTO EDU_ADMIN.GRADES (STUDENT_SID, MODULE_ID, LETTER_GRADE)
VALUES ('A473634H', 5, 'A');

INSERT INTO EDU_ADMIN.GRADES (STUDENT_SID, MODULE_ID, LETTER_GRADE)
VALUES ('A473634H', 6, 'C');

INSERT INTO EDU_ADMIN.GRADES (STUDENT_SID, MODULE_ID, LETTER_GRADE)
VALUES ('A617342E', 2, 'B');

INSERT INTO EDU_ADMIN.GRADES (STUDENT_SID, MODULE_ID, LETTER_GRADE)
VALUES ('A617342E', 3, 'C');

INSERT INTO EDU_ADMIN.GRADES (STUDENT_SID, MODULE_ID, LETTER_GRADE)
VALUES ('A617342E', 4, 'C');

INSERT INTO EDU_ADMIN.GRADES (STUDENT_SID, MODULE_ID, LETTER_GRADE)
VALUES ('A617342E', 5, 'B');

INSERT INTO EDU_ADMIN.GRADES (STUDENT_SID, MODULE_ID, LETTER_GRADE)
VALUES ('A617342E', 6, 'A');

INSERT INTO EDU_ADMIN.GRADES (STUDENT_SID, MODULE_ID, LETTER_GRADE)
VALUES ('A937845H', 1, 'A');

INSERT INTO EDU_ADMIN.GRADES (STUDENT_SID, MODULE_ID, LETTER_GRADE)
VALUES ('A937845H', 3, 'C');

INSERT INTO EDU_ADMIN.GRADES (STUDENT_SID, MODULE_ID, LETTER_GRADE)
VALUES ('A937845H', 4, 'B');

INSERT INTO EDU_ADMIN.GRADES (STUDENT_SID, MODULE_ID, LETTER_GRADE)
VALUES ('A937845H', 5, 'B');

INSERT INTO EDU_ADMIN.GRADES (STUDENT_SID, MODULE_ID, LETTER_GRADE)
VALUES ('A937845H', 6, 'A');

INSERT INTO EDU_ADMIN.GRADES (STUDENT_SID, MODULE_ID, LETTER_GRADE)
VALUES ('A984739J', 2, 'B');

INSERT INTO EDU_ADMIN.GRADES (STUDENT_SID, MODULE_ID, LETTER_GRADE)
VALUES ('A984739J', 3, 'A');

INSERT INTO EDU_ADMIN.GRADES (STUDENT_SID, MODULE_ID, LETTER_GRADE)
VALUES ('A984739J', 4, 'A');

INSERT INTO EDU_ADMIN.GRADES (STUDENT_SID, MODULE_ID, LETTER_GRADE)
VALUES ('A984739J', 5, 'C');

INSERT INTO EDU_ADMIN.GRADES (STUDENT_SID, MODULE_ID, LETTER_GRADE)
VALUES ('A984739J', 6, 'B');

COMMIT;

GRANT CREATE SESSION, CONNECT, RESOURCE TO hugh, damith, chris, david, steve, reza;

GRANT SELECT, INSERT, UPDATE, DELETE ON EDU_ADMIN.USERS     TO hugh, damith, chris, david, steve, reza;
GRANT SELECT, INSERT, UPDATE, DELETE ON EDU_ADMIN.ADDRESSES TO hugh, damith, chris, david, steve, reza;
GRANT SELECT, INSERT, UPDATE, DELETE ON EDU_ADMIN.FEES      TO hugh, damith, chris, david, steve, reza;
GRANT SELECT, INSERT, UPDATE, DELETE ON EDU_ADMIN.MODULES   TO hugh, damith, chris, david, steve, reza;
GRANT SELECT, INSERT, UPDATE, DELETE ON EDU_ADMIN.GRADES    TO hugh, damith, chris, david, steve, reza;

BEGIN
    SA_USER_ADMIN.SET_LEVELS('edu_ols', 'hugh', 'c', 'u');
    SA_USER_ADMIN.SET_LEVELS('edu_ols', 'damith', 'c', 'u');
    SA_USER_ADMIN.SET_LEVELS('edu_ols', 'chris', 'c', 'u');
    SA_USER_ADMIN.SET_LEVELS('edu_ols', 'david', 'c', 'u');
    SA_USER_ADMIN.SET_LEVELS('edu_ols', 'steve', 's', 'c');
    SA_USER_ADMIN.SET_LEVELS('edu_ols', 'reza', 'c', 'c');

    SA_USER_ADMIN.ADD_COMPARTMENTS('edu_ols', 'hugh', 'acd', SA_UTL.READ_WRITE);
    SA_USER_ADMIN.ADD_COMPARTMENTS('edu_ols', 'damith', 'acd', SA_UTL.READ_WRITE);
    SA_USER_ADMIN.ADD_COMPARTMENTS('edu_ols', 'chris', 'acd', SA_UTL.READ_WRITE);
    SA_USER_ADMIN.ADD_COMPARTMENTS('edu_ols', 'david', 'acd', SA_UTL.READ_WRITE);
    SA_USER_ADMIN.ADD_COMPARTMENTS('edu_ols', 'steve', 'adm', SA_UTL.READ_WRITE);
    SA_USER_ADMIN.ADD_COMPARTMENTS('edu_ols', 'reza', 'fin', SA_UTL.READ_WRITE);

    SA_USER_ADMIN.ADD_GROUPS('edu_ols', 'hugh', 'nus,cs,cs206', SA_UTL.READ_WRITE);
    SA_USER_ADMIN.ADD_GROUPS('edu_ols', 'damith', 'nus,cs,cs404', SA_UTL.READ_WRITE);
    SA_USER_ADMIN.ADD_GROUPS('edu_ols', 'chris', 'nus,ma,ma314,ma500', SA_UTL.READ_WRITE);
    SA_USER_ADMIN.ADD_GROUPS('edu_ols', 'david', 'nus,ec,ec999', SA_UTL.READ_WRITE);
    SA_USER_ADMIN.ADD_GROUPS('edu_ols', 'steve', 'nus', SA_UTL.READ_WRITE);
    SA_USER_ADMIN.ADD_GROUPS('edu_ols', 'reza', 'nus', SA_UTL.READ_WRITE);
END;
